Internal ID,Item Name,Display Name,UPC Code,Bin Number,Bin OnHand,Bin Available,Bin Location,Item Status,Average Cost,Average Cost Per Bin,Subsidiary
7345,APG806Z,APOTHECARY GLASS CANDLE 8 OZ. TOBACCO & PATCHOULI,647658387482,B50-A-044,73,73,MC-PW,WEB/AMAZON ,4.13425563,301.801,PW
7349,APG810Z,APOTHECARY GLASS CANDLE 8 OZ. ORANGE ZEST & BERGAMOT,647658005140,B50-A-034,307,307,MC-PW,WEB/AMAZON ,4.3784,1344.169,PW
7623,CARTONS : 50508,"MASTER CARTON 19 1/4 x 12 3/4 x 15 3/4 O.D  , 32ECT RSC KRAFT 2P1C (PW WEB ITEMS)",,B50-A-001,250,250,MC-PW,Custom Order Item,.86669528,216.674,PW
25711,CARTONS : 50941,CARTON OD#11.4375 x 11.4375 x 6.25 (FOUNDRY) FOR  USE WITH PN#50942,,B10-A-001,254,254,MC-PW,CUSTOM TARGET C2 SPRING 2019,.7438451,188.937,PW
26739,CARTONS : 50952D,CARTON OD# 7.125 X 7.125 X 3.125 FOR OPALHOUSE MINI GRAB TIN,,B10-A-014,68932,68932,MC-PW,CUSTOM TARGET C2 SPRING 2019,.39999972,27572.781,PW
25879,CARTONS : 50957,CARTON O.D.# 10.375 X 10.375 X 4.5 FOR PROJECT 62 3-WICK OMB,,B10-A-001,6300,6300,MC-PW,CUSTOM TARGET C3 SPRING 19,.6300001,3969.001,PW
25879,CARTONS : 50957,CARTON O.D.# 10.375 X 10.375 X 4.5 FOR PROJECT 62 3-WICK OMB,,B10-A-020,6300,6300,MC-PW,CUSTOM TARGET C3 SPRING 19,.6300001,3969.001,PW
28881,CARTONS : 51040,CARTON WABI SABI 12 OZ. 4 PACK  O.D. 12 3/8 X 11 7/8 X 4 3/8,,B10-A-034,264,264,MC-PW,CURRENT,.9169363,242.071,PW
30721,CARTONS : 51069,"TINSEL 1.7# BLACK PE INSERT 4.5"" X 4.5 X 4"" TOP",,B10-A-044,10000,10000,MC-PW,TINSEL FOAM INSERTS,.29499952,2949.995,PW
30723,CARTONS : 51070,,"TINSEL 1.7# BLACK PE INSERT 4.5"" X 4,5 X 4"" BOTTOM",B10-A-001,10000,10000,MC-PW,TINSEL FOAM INSERTS,.29355825,2935.583,PW
31249,CARTONS : 51074,DIFFUSER CARTON HOLD 4CT 50526  13.625X13.25X14.25 OD,,B10-A-001,7480,7480,MC-PW,CURRENT,.90,6732.00,PW
36098,CFHLG01WF,CYPRESS FIR HOLIDAY LARGE WHITE SPECKLE TREE STACK,647658025162,B50-A-021,16,12,MC-PW,CUSTOM ORDER ITEM WHOLE FOODS,8.98034483,107.764,PW
36099,CFHLG02WF,CYPRESS FIR HOLIDAY LARGE GREEN OMBRÉ SPECKLE TREE STACK,647658025179,B50-A-019,4,0,MC-PW,CUSTOM ORDER ITEM WHOLE FOODS,6.33069444,.00,PW
36099,CFHLG02WF,CYPRESS FIR HOLIDAY LARGE GREEN OMBRÉ SPECKLE TREE STACK,647658025179,B50-A-025,40,40,MC-PW,CUSTOM ORDER ITEM WHOLE FOODS,6.33069444,253.228,PW
36100,CFHSM01WF,CYPRESS FIR HOLIDAY SMALL WHITE SPECKLE TREE STACK,647658025186,B50-A-023,8,8,MC-PW,CUSTOM ORDER ITEM WHOLE FOODS,4.49839844,35.987,PW
35459,CFHSM01Z,CYPRESS FIR HOLIDAY SMALL WHITE SPECKLE TREE STACK,647658025186,B50-A-001,270,270,MC-PW,WEB/AMAZON ,5.60246596,1512.666,PW
36101,CFHSM02WF,CYPRESS FIR HOLIDAY SMALL GREEN TREE STACK,647658025193,B50-A-019,12,12,MC-PW,CUSTOM ORDER ITEM WHOLE FOODS,5.50832653,66.10,PW
27704,EG14Z,ECO GREEN 8 OZ GLASS CEDARWOOD & MOSS,647658115238,B50-A-003,1,1,MC-PW,WEB/AMAZON ,4.84655589,4.847,PW
7386,EGFD08Z,ECO GREEN 4 OZ. DIFFUSER BASIL & CUCUMBER,647658110028,B50-A-073,5,5,MC-PW,WEB/AMAZON DISCONTINUED,8.19441558,40.972,PW
2557,GLCD : 25004,ECO GREEN GLASS - 72 (D) mm X 100 (H) MM - OLIVE GREEN (36 P,,B10-A-001,3504,3504,MC-PW,Current,1.44119753,5049.956,PW
2557,GLCD : 25004,ECO GREEN GLASS - 72 (D) mm X 100 (H) MM - OLIVE GREEN (36 P,,B10-A-038,709,709,MC-PW,Current,1.44119753,1021.809,PW
4374,GLCD : 25076,APOTHECARY 8 OZ. AMBER GLASS AND LID (APG801 - APG808),,B10-A-001,6486,6486,MC-PW,Current,.91308861,5922.293,PW
31186,GLCD : 25839,12 OZ. RUST 3-WICK GLASS PMS#7607C WITH MATTE BLACK LID (NFD,,B10-A-002,520,520,MC-PW,CUSTOM ITEM MEIJER,1.03266346,536.985,PW
31239,GLCD : 25842,12 OZ. WHISKEY 3-WICK GLASS PMS#7505C WITH MATTE BLACK LID (,,B10-A-002,2016,2016,MC-PW,CUSTOM ITEM MEIJER,1.05886846,2134.679,PW
31241,GLCD : 25844,12 OZ. SAGE 3-WICK GLASS PMS#5645 WITH MATTE BLACK LID (NFD1,,B10-A-002,1128,1128,MC-PW,CUSTOM ITEM MEIJER,1.0483156,1182.50,PW
31243,GLCD : 25846,12 OZ. BLACK 3-WICK GLASS WITH MATTE BLACK LID (NFD1208),,B10-A-002,1560,1560,MC-PW,CUSTOM ITEM MEIJER,1.05918605,1652.33,PW
31459,GLCD : 25864,12 OZ. HUNTER GREEN 3-WICK GLASS PMS#5747C WITH MATTE BLACK,,B10-A-002,432,432,MC-PW,CUSTOM ITEM MEIJER,1.05054167,453.834,PW
35519,GLCD : 25992,FIREFLY 10 OZ. CLASSIC GLASS WITH MATTE GOLD FIREFLY LOGO,,B10-A-002,13968,13968,MC-PW,FIREFLY FALL 2020,.84591566,11815.75,PW
27731,HY0503Z,HYGGE 5 OZ. BLACK CERAMIC WITH LID BERGAMOT MAHOGONY,647658115184,B50-A-061,1,1,MC-PW,WEB/AMAZON DISCONTINUED,4.34945205,4.349,PW
15001,HY1502Z,HYGGE 15 OZ. WHITE CERAMIC WITH LID TOBACCO VANILLA,647658009179,B50-A-032,5,5,MC-PW,WEB/AMAZON ,5.62845794,28.142,PW
12818,JB85-1054,HIPSTER BOOKCLOTH ASSORTMENT CLASSIC PLANNERS (TAUPE ANCHOR,812442020788,B10-A-001,9391,9391,MC-INK,Discontinued,1.80056263,16909.084,INK
18542,JP752-2138,MARBLE EXPOSED SPINE PLANNER ASST. MASTER,812442025875,B10-A-001,312,312,MC-INK,Discontinued,2.34222461,730.774,INK
18541,JPB752-1004,"BOOK CLOTH EXPOSED SPINE RECORDS, MEMORANDA, POETRY PLANNER",812442025837,B10-A-001,7740,7740,MC-INK,CUSTOM ORDER ITEM TARGET,2.47027238,19119.908,INK
14079,KA0305Z,KALEIDOSCOPE 3 OZ. GOLD TIN WITH LID BLUE CORAL + DRIFTWOOD,647658007267,B50-A-067,172,172,MC-PW,WEB/AMAZON DISCONTINUED,3.65938053,629.413,PW
14081,KA0307Z,KALEIDOSCOPE 3 OZ. GOLD TIN WITH LID OLIVE TREE + THYME,647658007298,B50-A-043,130,130,MC-PW,WEB/AMAZON DISCONTINUED,2.25042802,292.556,PW
36557,NBH0801,FOUNDRY: 8 OZ OPAQUE WHITE IRIDESCENT GLASS WITH GOLD LID SWEET CHAMPAGNE (NBH0801),647658030135,B50-A-009,524,496,MC-PW,CUSTOM ITEM BBB 2020,3.3374208,1655.361,PW
36559,NBH0802,FOUNDRY: 8 OZ OPAQUE GREY IRIDESCENT GLASS WITH GOLD LID FRESH SEA SALT,647658030142,B50-A-007,888,864,MC-PW,CUSTOM ITEM BBB 2020,3.31937438,2867.939,PW
36560,NBH0803,FOUNDRY: 8 OZ OPAQUE NAVY IRIDESCENT GLASS WITH GOLD LID TONKA NOIR,647658030159,B50-A-005,84,60,MC-PW,CUSTOM ITEM BBB 2020,3.33539181,200.124,PW
36562,NBH0804,8 OZ OPAQUE GREEN IRIDESCENT GLASS WITH GOLD LID JUNIPER FOREST,647658030166,B50-A-002,72,48,MC-PW,CUSTOM ITEM BBB 2020,3.38694888,162.574,PW
36563,NBH0805,FOUNDRY: 8 OZ OPAQUE RED IRIDESCENT GLASS WITH GOLD LID STRAWBERRY ROSE,647658030173,B50-A-004,420,400,MC-PW,CUSTOM ITEM BBB 2020,3.37478121,1349.912,PW
36564,NBH0806,FOUNDRY: 8 OZ OPAQUE RAINBOW IRIDESCENT GLASS WITH GOLD LID BLACKBERRY SANDALWOOD,647658030180,B50-A-006,564,544,MC-PW,CUSTOM ITEM BBB 2020,3.13356265,1704.658,PW
35395,NCU0501WF,WF HOLIDAY 5 OZ. FROSTED WHITE FOOTED RIBBED GLASS WITH WOODEN WICK TONKA BEAN + CINNAMON,647658027500,B50-A-024,476,468,MC-PW,CUSTOM ORDER ITEM WHOLE FOODS,3.25165966,1521.777,PW
35396,NCU0502WF,WF HOLIDAY 5 OZ. MERLOT FOOTED RIBBED GLASS WITH WOODEN WICK CEDAR + POMEGRANATE,647658027517,B50-A-001,180,172,MC-PW,CUSTOM ORDER ITEM WHOLE FOODS,3.24318047,557.827,PW
35396,NCU0502WF,WF HOLIDAY 5 OZ. MERLOT FOOTED RIBBED GLASS WITH WOODEN WICK CEDAR + POMEGRANATE,647658027517,B50-A-028,496,496,MC-PW,CUSTOM ORDER ITEM WHOLE FOODS,3.24318047,1608.618,PW
35397,NCU0503WF,WF HOLIDAY 5 OZ. BLUE  FOOTED RIBBED GLASS WITH WOODEN WICK JUNIPER CITRUS,647658027524,B50-A-001,260,260,MC-PW,CUSTOM ORDER ITEM WHOLE FOODS,3.49624074,909.023,PW
35397,NCU0503WF,WF HOLIDAY 5 OZ. BLUE  FOOTED RIBBED GLASS WITH WOODEN WICK JUNIPER CITRUS,647658027524,B50-A-008,280,272,MC-PW,CUSTOM ORDER ITEM WHOLE FOODS,3.49624074,950.977,PW
35398,NCU0504WF,WF HOLIDAY 5 OZ. GREEN FOOTED RIBBED GLASS WITH WOODEN WICK BALSAM + FIR,647658027531,B50-A-001,8,0,MC-PW,CUSTOM ORDER ITEM WHOLE FOODS,3.68183007,.00,PW
35398,NCU0504WF,WF HOLIDAY 5 OZ. GREEN FOOTED RIBBED GLASS WITH WOODEN WICK BALSAM + FIR,647658027531,B50-A-020,604,604,MC-PW,CUSTOM ORDER ITEM WHOLE FOODS,3.68183007,2223.825,PW
35422,NCU0505WF,WF HOLIDAY 4.5 OZ. SILVER MERCURY GLASS WITH DUST COVER JUNIPER CITRUS,647658027609,B50-A-033,448,448,MC-PW,CUSTOM ORDER ITEM WHOLE FOODS,3.24375,1453.20,PW
35423,NCU0506WF,WF HOLIDAY 4.5 OZ. RED MERCURY GLASS WITH DUST COVER CEDAR & POMEGRANATE,647658027616,B50-A-031,388,388,MC-PW,CUSTOM ORDER ITEM WHOLE FOODS,3.24161616,1257.747,PW
35424,NCU0507WF,WF HOLIDAY 4.5 OZ. GREEN MERCURY GLASS WITH DUST COVER BALSAM & FIR,647658027623,B50-A-029,492,492,MC-PW,CUSTOM ORDER ITEM WHOLE FOODS,3.23846,1593.322,PW
35425,NCU0508WF,WF HOLIDAY 4.5 OZ. GOLD MERCURY GLASS WITH DUST COVER TONKA BEAN & CINNAMON,647658027630,B50-A-027,536,536,MC-PW,CUSTOM ORDER ITEM WHOLE FOODS,3.32106618,1780.091,PW
36082,NCU0701WF,"WF HOLIDAY 7 OZ. GLASS WITH RED COLORED WAX ""DECK THE HALLS"" CINNAMON SPRUCE",647658027647,B50-A-010,76,68,MC-PW,CUSTOM ORDER ITEM WHOLE FOODS,2.74070588,186.368,PW
36083,NCU0702WF,"WF HOLIDAY 7 OZ. GLASS WITH PINK COLORED WAX ""MERRY EVERYTHING"" VANILLA BEAN + MYRRH",647658027654,B50-A-012,80,72,MC-PW,CUSTOM ORDER ITEM WHOLE FOODS,2.74071637,197.332,PW
36084,NCU0703WF,"WF HOLIDAY 7 OZ. GLASS WITH MINT COLORED WAX ""SALUD"" MISTELTOE + MINT",647658027661,B50-A-001,4,4,MC-PW,CUSTOM ORDER ITEM WHOLE FOODS,2.74071637,10.963,PW
36084,NCU0703WF,"WF HOLIDAY 7 OZ. GLASS WITH MINT COLORED WAX ""SALUD"" MISTELTOE + MINT",647658027661,B50-A-014,76,68,MC-PW,CUSTOM ORDER ITEM WHOLE FOODS,2.74071637,186.369,PW
36085,NCU0704WF,"WF HOLIDAY 7 OZ. GLASS WITH DARK GREEN COLORED WAX ""TIS THE SEASON"" BALSAM + FIR",647658027678,B50-A-016,72,64,MC-PW,CUSTOM ORDER ITEM WHOLE FOODS,2.74071006,175.405,PW
35371,NCU1001WF,WF HOLIDAY 9.5 OZ. RED SPECKLED ENAMEL VESSEL POMEGRANATE & CEDAR,647658027463,B50-A-001,12,0,MC-PW,CUSTOM ORDER ITEM WHOLE FOODS,5.10593487,.00,PW
35371,NCU1001WF,WF HOLIDAY 9.5 OZ. RED SPECKLED ENAMEL VESSEL POMEGRANATE & CEDAR,647658027463,B50-A-015,8,8,MC-PW,CUSTOM ORDER ITEM WHOLE FOODS,5.10593487,40.847,PW
35372,NCU1002WF,WF HOLIDAY 9.5 OZ. GREEN ENAMEL SPECKLED VESSEL BALSAM & FIR,647658027470,B50-A-001,12,0,MC-PW,CUSTOM ORDER ITEM WHOLE FOODS,5.10157489,.00,PW
35372,NCU1002WF,WF HOLIDAY 9.5 OZ. GREEN ENAMEL SPECKLED VESSEL BALSAM & FIR,647658027470,B50-A-017,84,84,MC-PW,CUSTOM ORDER ITEM WHOLE FOODS,5.10157489,428.532,PW
35382,NCU1003WF,WF HOLIDAY 9.5 OZ. WHITE ENAMEL SPECKLED VESSEL PALO SANTO FRANKINCENSE,647658027487,B50-A-001,8,0,MC-PW,CUSTOM ORDER ITEM WHOLE FOODS,5.01682471,.00,PW
35382,NCU1003WF,WF HOLIDAY 9.5 OZ. WHITE ENAMEL SPECKLED VESSEL PALO SANTO FRANKINCENSE,647658027487,B50-A-009,20,20,MC-PW,CUSTOM ORDER ITEM WHOLE FOODS,5.01682471,100.336,PW
35383,NCU1004WF,WF HOLIDAY 9.5 OZ. LIGHT BLUE ENAMEL SPECKLED VESSEL CHESTNUT & SANTAL,647658027494,B50-A-001,8,0,MC-PW,CUSTOM ORDER ITEM WHOLE FOODS,5.1297351,.00,PW
35412,NCU1501WF,WF HOLIDAY 15 OZ. SILVER MERCURY GLASS WITH DUST COVER JUNIPER CITRUS,647658027586,B50-A-001,148,140,MC-PW,CUSTOM ORDER ITEM WHOLE FOODS,6.41888514,898.644,PW
35412,NCU1501WF,WF HOLIDAY 15 OZ. SILVER MERCURY GLASS WITH DUST COVER JUNIPER CITRUS,647658027586,B50-A-037,148,148,MC-PW,CUSTOM ORDER ITEM WHOLE FOODS,6.41888514,949.995,PW
35413,NCU1502WF,WF HOLIDAY 15 OZ. GOLD MERCURY GLASS WITH DUST COVER TONKA BEAN & CINNAMON,647658027593,B50-A-001,152,152,MC-PW,CUSTOM ORDER ITEM WHOLE FOODS,6.28625,955.51,PW
35413,NCU1502WF,WF HOLIDAY 15 OZ. GOLD MERCURY GLASS WITH DUST COVER TONKA BEAN & CINNAMON,647658027593,B50-A-035,132,132,MC-PW,CUSTOM ORDER ITEM WHOLE FOODS,6.28625,829.785,PW
35413,NCU1502WF,WF HOLIDAY 15 OZ. GOLD MERCURY GLASS WITH DUST COVER TONKA BEAN & CINNAMON,647658027593,B50-A-037,4,4,MC-PW,CUSTOM ORDER ITEM WHOLE FOODS,6.28625,25.145,PW
35403,NCUFD01WF,WF HOLIDAY WHITE PETITE REED DIFFUSER IN FOIL PATTERNED PAPER TUBE- WHITE w/ 4 GREEN REEDS TONKA BEAN + CINNAMON,647658027548,B50-A-001,8,0,MC-PW,CUSTOM ORDER ITEM WHOLE FOODS,3.29625,.00,PW
35403,NCUFD01WF,WF HOLIDAY WHITE PETITE REED DIFFUSER IN FOIL PATTERNED PAPER TUBE- WHITE w/ 4 GREEN REEDS TONKA BEAN + CINNAMON,647658027548,B50-A-030,496,496,MC-PW,CUSTOM ORDER ITEM WHOLE FOODS,3.29625,1634.94,PW
35404,NCUFD02WF,WF HOLIDAY WHITE PETITE REED DIFFUSER IN FOIL PATTERNED PAPER TUBE- GREEN w/ 4 GREEN REEDS BALSAM & FIR,647658027555,B50-A-001,304,304,MC-PW,CUSTOM ORDER ITEM WHOLE FOODS,3.4520509,1049.423,PW
35404,NCUFD02WF,WF HOLIDAY WHITE PETITE REED DIFFUSER IN FOIL PATTERNED PAPER TUBE- GREEN w/ 4 GREEN REEDS BALSAM & FIR,647658027555,B50-A-022,364,352,MC-PW,CUSTOM ORDER ITEM WHOLE FOODS,3.4520509,1215.122,PW
35405,NCUFD03WF,WF HOLIDAY WHITE PETITE REED DIFFUSER IN FOIL PATTERNED PAPER TUBE- RED w/ 4 GREEN REEDS CEDAR + POMEGRANATE,647658027562,B50-A-001,163,151,MC-PW,CUSTOM ORDER ITEM WHOLE FOODS,3.401,513.551,PW
35405,NCUFD03WF,WF HOLIDAY WHITE PETITE REED DIFFUSER IN FOIL PATTERNED PAPER TUBE- RED w/ 4 GREEN REEDS CEDAR + POMEGRANATE,647658027562,B50-A-026,137,137,MC-PW,CUSTOM ORDER ITEM WHOLE FOODS,3.401,465.937,PW
35406,NCUFD04WF,WF HOLIDAY WHITE PETITE REED DIFFUSER IN FOIL PATTERNED PAPER TUBE- BLUE w/ 4 GREEN REEDS JUNIPER CITRUS,647658027579,B50-A-001,44,36,MC-PW,CUSTOM ORDER ITEM WHOLE FOODS,3.58373874,129.015,PW
35406,NCUFD04WF,WF HOLIDAY WHITE PETITE REED DIFFUSER IN FOIL PATTERNED PAPER TUBE- BLUE w/ 4 GREEN REEDS JUNIPER CITRUS,647658027579,B50-A-018,400,400,MC-PW,CUSTOM ORDER ITEM WHOLE FOODS,3.58373874,1433.495,PW
34358,NFG0901,FOUNDRY: 9 OZ LIGHT PINK ROUND MERCURY GLASS WITH GOLD LID HOLIDAY SPRITZER (CRANBERRY & FIG),647658025612,B50-A-037,1288,1280,MC-PW,CUSTOM ITEM MEIJER,3.29521546,4217.876,PW
34359,NFG0902,FOUNDRY: 9 OZ LIGHT BLUE ROUND MERCURY GLASS WITH GOLD LID COZY CABIN (VANILLA & SPICE),647658025629,B50-A-019,1096,1072,MC-PW,CUSTOM ITEM MEIJER,3.18989912,3419.572,PW
34360,NFG0903,FOUNDRY: 9 OZ HOLIDAY GREEN ROUND MERCURY GLASS WITH GOLD LID MISTLETOE (BALSAM & PINE),647658025636,B50-A-017,1708,1688,MC-PW,CUSTOM ITEM MEIJER,3.23264283,5456.701,PW
34361,NFG0904,FOUNDRY: 9 OZ CHAMPAGNE GOLD ROUND MERCURY GLASS WITH GOLD LID CINNAMON CIDER (CINNAMON STICK),647658025643,B50-A-015,1660,1640,MC-PW,CUSTOM ITEM MEIJER,3.22770476,5293.436,PW
34362,NFG0905,FOUNDRY: 9 OZ RED ROUND MERCURY GLASS WITH GOLD LID HOT APPLE TODDY (APPLEWOOD & AMBER),647658025650,B50-A-013,836,824,MC-PW,CUSTOM ITEM MEIJER,3.24501916,2673.896,PW
34363,NFG0906,FOUNDRY: 9 OZ SILVER ROUND MERCURY GLASS WITH GOLD LID FIRESIDE (WHISKEY & OAK),647658025667,B50-A-005,712,712,MC-PW,CUSTOM ITEM MEIJER,3.22817767,2298.463,PW
34363,NFG0906,FOUNDRY: 9 OZ SILVER ROUND MERCURY GLASS WITH GOLD LID FIRESIDE (WHISKEY & OAK),647658025667,B50-A-011,704,684,MC-PW,CUSTOM ITEM MEIJER,3.22817767,2208.074,PW
36415,NT0501,FOUNDRY: 5 OZ GOLD GRAB TIN DARK BALSAM,647658030050,B50-A-035,604,580,MC-PW,CUSTOM ITEM BBB 2020,2.48457565,1441.054,PW
36416,NT0502,FOUNDRY: 5 OZ GOLD GRAB TIN SWEET VANILLA,647658030067,B50-A-033,1672,1656,MC-PW,CUSTOM ITEM BBB 2020,2.46109741,4075.577,PW
36417,NT0503,FOUNDRY: 5 OZ GOLD GRAB TIN AMBERED TOBACCO,647658030074,B50-A-031,3176,3160,MC-PW,CUSTOM ITEM BBB 2020,2.43593665,7697.56,PW
36418,NT0504,FOUNDRY: 5 OZ GOLD GRAB TIN HONEYED CITRUS,647658030081,B50-A-029,1852,1840,MC-PW,CUSTOM ITEM BBB 2020,2.43541704,4481.167,PW
36419,NT0505,FOUNDRY: 5 OZ GOLD GRAB TIN BLUE SPRUCE,647658030098,B50-A-027,2720,2704,MC-PW,CUSTOM ITEM BBB 2020,2.45105349,6627.649,PW
36420,NT0506,FOUNDRY: 5 OZ GOLD GRAB TIN CYPRESS LAVENDER,647658030104,B50-A-025,2900,2880,MC-PW,CUSTOM ITEM BBB 2020,2.34308203,6748.076,PW
36421,NT0507,FOUNDRY: 5 OZ GOLD GRAB TIN FRESH COCONUT,647658030111,B50-A-023,1796,1780,MC-PW,CUSTOM ITEM BBB 2020,2.44546743,4352.932,PW
36422,NT0508,FOUNDRY: 5 OZ GOLD GRAB TIN CREAMY ROSEWOOD,647658030128,B50-A-021,1864,1848,MC-PW,CUSTOM ITEM BBB 2020,2.39988215,4434.982,PW
21658,RBFD : 20084,APOTHECARY 12 OZ. DIFFUSER BLACK MATTE SOFT TOUCH BOX WITH I,,B10-A-001,2042,2042,MC-PW,PADDYWAX FALL 2018,4.59891991,9390.994,PW
7465,RJ802Z,RELISH JAR 9.5 OZ. COBALT GARDENIA & TUBEROSE,647658111551,B70-B-174,34,34,MC-PW,WEB/AMAZON ,4.49484421,152.825,PW
29262,ST0704Z,STATEMENT 7 OZ. SAND GLASS WITH CHARCOAL DECAL BOXED VIOLET,647658014159,B50-A-037,4,4,MC-PW,WEB/AMAZON ,4.95046117,19.802,PW
2324,TINS : 30025,TIN - LIBRARY COLLECTION RECTANGLE W/HINGE LID COPPER (288 P,,B10-A-001,20760,20760,MC-PW,Current,.68831408,14289.40,PW
24616,TINS : 30201,5 OZ. GOLD MINI GRAB TIN,,B10-A-001,4416,4416,MC-PW,CUSTOM TARGET C2 SPRING 2019,.47077712,2078.952,PW
29299,UR1206Z,URBAN CONCRETE POT 12 OZ WITH DIAGONAL COPPER BERGAMOT & MAH,647658009094,B50-A-029,24,24,MC-PW,WEB/AMAZON DISCONTINUED,4.78809211,114.914,PW
35315,WNKH02001,FIREFLY CUSTOM 2 OZ. TIN KAREE HAYS,,B70-A-003,49,49,MC-PW,CUSTOM FIREFLY,2.14836735,105.27,PW
35284,WNKH04001,FIREFLY CUSTOM KAREE HAYS 4 OZ. ROOM SPRAY,,B70-A-001,136,136,MC-PW,CURRENT,2.59919118,353.49,PW
35498,WNLC06001,FIREFLY CUSTOM 6 OZ. TIN LOVELESS CAFE YAY BUTTER,,B50-A-041,99,99,MC-PW,CURRENT,3.4859596,345.11,PW
34410,WNLM00001,FIREFLY CUSTOM 3 OZ. LOCAL MARKET SANTO WOOD AND SUEDE GLASS,,B60-A-040,15,15,MC-PW,Current,5.00,75.00,PW
34411,WNLM00002,FIREFLY CUSTOM 3 OZ. LOCAL MARKET LEMON BERGAMOT GLASS,,B70-A-009,8,8,MC-PW,Current,5.00,40.00,PW
34412,WNLM00003,FIREFLY CUSTOM 3 OZ. LOCAL MARKET PEONY AND PEAR GLASS,,B60-A-040,39,39,MC-PW,Current,5.00,195.00,PW
34413,WNLM00004,FIREFLY CUSTOM 6 OZ. LOCAL MARKET SANTO WOOD AND SUEDE GLASS,,B70-A-009,40,40,MC-PW,Current,8.00,320.00,PW
34414,WNLM00005,FIREFLY CUSTOM 6 OZ. LOCAL MARKET LEMON BERGAMOT GLASS,,B60-A-040,23,23,MC-PW,Current,8.00,184.00,PW
34415,WNLM00006,FIREFLY CUSTOM 6 OZ. LOCAL MARKET PEONY AND PEAR GLASS,,B70-A-009,31,31,MC-PW,Current,8.00,248.00,PW
32233,WPCC03003,FIREFLY CLASSIC 3 OZ. WAX MELTS COCONUT LIME,792834803543,B60-A-002,19,19,MC-PW,DISCONTINUED 6.15.20,2.36684211,44.97,PW
32621,WPCC03018,FIREFLY CLASSIC 3 OZ. WAX MELTS SWEET OLIVE LEAF,792834803598,B60-A-019,8,8,MC-PW,DISCONTINUED 6.15.20,2.34,18.72,PW
32616,WPCC03020,FIREFLY CLASSIC 3 OZ. WAX MELTS HAZZELNUT COFFEE,792834803611,B60-A-011,33,33,MC-PW,DISCONTINUED 6.15.20,2.27348837,75.025,PW
32625,WPCC03022,FIREFLY CLASSIC 3 OZ. WAX MELTS WILD IRIS,792834803635,B60-A-024,33,33,MC-PW,DISCONTINUED 6.15.20,2.26170732,74.636,PW
32617,WPCC03024,FIREFLY CLASSIC 3 OZ. WAX MELTS LEMON HONEY TEA,792834803659,B60-A-036,12,12,MC-PW,DISCONTINUED 6.15.20,2.01333333,24.16,PW
32235,WPCC04003,FIREFLY CLASSIC 4 OZ. ROOM SPRAY COCONUT LIME,700755545213,B50-A-036,28,28,MC-PW,DISCONTINUED 6.15.20,3.03214286,84.90,PW
32236,WPCC04004,FIREFLY CLASSIC 4 OZ. ROOM SPRAY GRAPEFRUIT MANGOSTEEN,700755545220,B60-A-013,30,30,MC-PW,DISCONTINUED 6.15.20,2.40813559,72.244,PW
32242,WPCC04012,FIREFLY CLASSIC 4 OZ. ROOM SPRAY PEPPERMENT EUCALYPTUS,700755545244,B60-A-023,102,102,MC-PW,DISCONTINUED 6.15.20,2.47889908,252.848,PW
32241,WPCC04017,FIREFLY CLASSIC 4 OZ. ROOM SPRAY ORANGE CLOVE,614253979893,B70-A-047,95,95,MC-PW,DISCONTINUED 6.15.20,2.609375,247.891,PW
32243,WPCC04018,FIREFLY CLASSIC 4 OZ. ROOM SPRAY SWEET OLIVE LEAF,614253979909,B60-A-022,43,43,MC-PW,DISCONTINUED 6.15.20,2.75911111,118.642,PW
32238,WPCC04020,FIREFLY CLASSIC 4 OZ. ROOM SPRAY HAZELNUT COFFEE,614253979916,B60-A-019,52,52,MC-PW,DISCONTINUED 6.15.20,2.6326506,136.898,PW
32246,WPCC04022,FIREFLY CLASSIC 4 OZ. ROOM SPRAY WILD IRIS,700755545251,B70-A-023,92,92,MC-PW,DISCONTINUED 6.15.20,2.52867347,232.638,PW
32245,WPCC04023,FIREFLY CLASSIC 4 OZ. ROOM SPRAY WASABI MELON,700755545268,B50-A-052,80,80,MC-PW,DISCONTINUED 6.15.20,2.28804878,183.044,PW
32239,WPCC04024,FIREFLY CLASSIC 4 OZ. ROOM SPRAY LEMON HONEY TEA,792834803505,B50-A-048,98,98,MC-PW,DISCONTINUED 6.15.20,2.625,257.25,PW
32240,WPCC04025,FIREFLY CLASSIC 4 OZ. ROOM SPRAY LINEN ROSEWOOD,792834803857,B50-A-036,44,44,MC-PW,DISCONTINUED 6.15.20,2.9909434,131.602,PW
32211,WPCC08001,FIREFLY CLASSIC 6 OZ. TIN AMBER OAK,700755544940,B50-A-057,14,14,MC-PW,Current,3.43785714,48.13,PW
32463,WPCC08004,FIREFLY CLASSIC 6 OZ. TIN GRAPEFRUIT MANGOSTEEN,700755544964,B50-A-051,122,122,MC-PW,CURRENT,2.89795082,353.55,PW
32471,WPCC08018,FIREFLY CLASSIC 6 OZ. TIN SWEET OLIVE LEAF,700755545015,B60-A-028,303,303,MC-PW,CURRENT,2.92766129,887.081,PW
32476,WPCC08022,FIREFLY CLASSIC 6 OZ. TIN WILD IRIS,700755545053,B50-A-061,132,132,MC-PW,CURRENT,3.25810606,430.07,PW
32473,WPCC08023,FIREFLY CLASSIC 6 OZ. TIN WASABI MELON,700755545060,B70-A-027,91,91,MC-PW,CURRENT,2.88585526,262.613,PW
32467,WPCC08024,FIREFLY CLASSIC 6 OZ. TIN LEMON HONEY TEA,792834803482,B60-A-053,324,324,MC-PW,CURRENT,2.96880368,961.892,PW
32468,WPCC08025,FIREFLY CLASSIC 6 OZ. TIN LINEN ROSEWOOD,792834803833,B60-A-009,220,220,MC-PW,CURRENT,3.45778281,760.712,PW
32214,WPCC14001,FIREFLY CLASSIC 10 OZ. GLASS CANDLE AMBER OAK,700755545077,B50-A-050,207,207,MC-PW,CURRENT,5.0665522,1048.776,PW
32214,WPCC14001,FIREFLY CLASSIC 10 OZ. GLASS CANDLE AMBER OAK,700755545077,B70-A-005,72,72,MC-PW,CURRENT,5.0665522,364.792,PW
32226,WPCC14003,FIREFLY CLASSIC 10 OZ. GLASS CANDLE COCONUT LIME,700755545084,B80-A-029,552,552,MC-PW,CURRENT,4.87066667,2688.608,PW
32635,WPCC14003T,FIREFLY CLASSIC 10 OZ. GLASS CANDLE COCONUT LIME TESTER,700755545855,B60-A-030,30,30,MC-PW,CURRENT,5.385,161.55,PW
32387,WPCC14004,FIREFLY CLASSIC 10 OZ. GLASS CANDLE GRAPEFRUIT MANGOSTEEN,700755545091,B50-A-079,4,4,MC-PW,CURRENT,5.03075758,20.123,PW
32387,WPCC14004,FIREFLY CLASSIC 10 OZ. GLASS CANDLE GRAPEFRUIT MANGOSTEEN,700755545091,B60-A-032,260,260,MC-PW,CURRENT,5.03075758,1307.997,PW
32636,WPCC14004T,FIREFLY CLASSIC 10 OZ. GLASS CANDLE GRAPEFRUIT MANGOSTEEN TESTER,700755545862,B50-A-047,10,10,MC-PW,CURRENT,4.975,49.75,PW
32388,WPCC14012,FIREFLY CLASSIC 10 OZ. GLASS CANDLE PEPPERMENT EUCALYPTUS,700755545121,B60-A-029,176,176,MC-PW,CURRENT,4.29376404,755.702,PW
32637,WPCC14012T,FIREFLY CLASSIC 10 OZ. GLASS CANDLE PEPPERMENT EUCALYPTUS TESTER,700755545893,B60-A-005,38,38,MC-PW,CURRENT,5.365,203.87,PW
32389,WPCC14017,FIREFLY CLASSIC 10 OZ. GLASS CANDLE ORANGE CLOVE,700755545138,B60-A-042,430,430,MC-PW,CURRENT,5.21770302,2243.612,PW
32638,WPCC14017T,FIREFLY CLASSIC 10 OZ. GLASS CANDLE ORANGE CLOVE TESTER,700755545909,B60-A-022,18,18,MC-PW,CURRENT,5.665,101.97,PW
32390,WPCC14018,FIREFLY CLASSIC 10 OZ. GLASS CANDLE SWEET OLIVE LEAF,700755545145,B50-A-040,21,21,MC-PW,CURRENT,4.84163934,101.674,PW
32639,WPCC14018T,FIREFLY CLASSIC 10 OZ. GLASS CANDLE SWEET OLIVE LEAF TESTER,700755545916,B50-A-046,47,47,MC-PW,CURRENT,5.31234043,249.68,PW
32391,WPCC14020,FIREFLY CLASSIC 10 OZ. GLASS CANDLE HAZELNUT COFF,700755545169,B60-A-007,231,231,MC-PW,CURRENT,4.83154506,1116.087,PW
32640,WPCC14020T,FIREFLY CLASSIC 10 OZ. GLASS CANDLE HAZELNUT COFFEE TESTER,700755545930,B70-A-015,51,51,MC-PW,CURRENT,5.33185185,271.924,PW
32392,WPCC14021,FIREFLY CLASSIC 10 OZ. GLASS CANDLE TOMATO LEAF AND BASIL,700755545176,B50-A-081,48,48,MC-PW,DISCONTINUED 6.15.20,4.26875,204.90,PW
32642,WPCC14021T,FIREFLY CLASSIC 10 OZ. GLASS CANDLE TOMATO LEAF AND BASIL TESTER,614253978759,B50-A-075,40,40,MC-PW,CURRENT,4.395,175.80,PW
32393,WPCC14022,FIREFLY CLASSIC 10 OZ. GLASS CANDLE WILD IRIS,700755545183,B60-A-015,100,100,MC-PW,CURRENT,5.1072,510.72,PW
32643,WPCC14022T,FIREFLY CLASSIC 10 OZ. GLASS CANDLE WILD IRIS TESTER,614253978766,B50-A-069,48,48,MC-PW,DISCONTINUED 6.15.20,4.41083333,211.72,PW
32394,WPCC14023,FIREFLY CLASSIC 10 OZ. GLASS CANDLE WASABI MELON,700755545190,B60-A-055,55,55,MC-PW,DISCONTINUED 6.15.20,5.06872727,278.78,PW
32644,WPCC14023T,FIREFLY CLASSIC 10 OZ. GLASS CANDLE WASABI MELON TESTER,614253978773,B60-A-052,49,49,MC-PW,CURRENT,4.92244898,241.20,PW
32645,WPCC14024T,FIREFLY CLASSIC 10 OZ. GLASS CANDLE LEMON HONEY TEA TESTER,792834803529,B50-A-063,55,55,MC-PW,DISCONTINUED 6.15.20,3.82127273,210.17,PW
32396,WPCC14025,FIREFLY CLASSIC 10 OZ. GLASS CANDLE LINEN ROSEWOOD,792834803840,B60-A-050,40,40,MC-PW,CURRENT,5.301,212.04,PW
32646,WPCC14025T,FIREFLY CLASSIC 10 OZ. GLASS CANDLE LINEN ROSEWOOD TESTER,792834803888,B50-A-049,47,47,MC-PW,CURRENT,5.6543956,265.757,PW
32646,WPCC14025T,FIREFLY CLASSIC 10 OZ. GLASS CANDLE LINEN ROSEWOOD TESTER,792834803888,B60-A-025,38,38,MC-PW,CURRENT,5.6543956,214.867,PW
32646,WPCC14025T,FIREFLY CLASSIC 10 OZ. GLASS CANDLE LINEN ROSEWOOD TESTER,792834803888,B60-A-051,6,6,MC-PW,CURRENT,5.6543956,33.926,PW
32545,WPCCD0804,FIREFLY CLASSIC 7 OZ. REED DIFFUSER GRAPEFRUIT MANGOSTEEN,614253979572,B70-A-040,119,119,MC-PW,CURRENT,8.26869919,983.975,PW
32550,WPCCD0817,FIREFLY CLASSIC 7 OZ. REED DIFFUSER ORANGE CLOVE,614253979602,B60-A-051,40,40,MC-PW,CURRENT,8.339,333.56,PW
32552,WPCCD0818,FIREFLY CLASSIC 7 OZ. REED DIFFUSER SWEET OLVIE LEAF,614253979220,B70-A-036,84,84,MC-PW,CURRENT,8.44197674,709.126,PW
32547,WPCCD0820,FIREFLY CLASSIC 7 OZ. REED DIFFUSER HAZZELNUT COFFEE,614253979244,B70-A-011,2,2,MC-PW,CURRENT,7.37217391,14.744,PW
32553,WPCCD0821,FIREFLY CLASSIC 7 OZ. REED DIFFUSER TOMATO LEAF AND BASIL,614253979251,B70-A-038,144,144,MC-PW,DISCONTINUED 6.15.20,8.37104294,1205.43,PW
32554,WPCCD0823,FIREFLY CLASSIC 7 OZ. REED DIFFUSER WASABI MELON,614253979275,B70-A-049,8,8,MC-PW,CURRENT,8.13153846,65.052,PW
32548,WPCCD0824,FIREFLY CLASSIC 7 OZ. REED DIFFUSER LEMON HONEY TEA,792834803512,B70-A-019,42,42,MC-PW,CURRENT,9.36534884,393.345,PW
32549,WPCCD0825,FIREFLY CLASSIC 7 OZ. REED DIFFUSER LINEN ROSEWOOD,792834803864,B70-A-011,8,8,MC-PW,CURRENT,10.74636364,85.971,PW
34818,WPCCR0410,FIREFLY CLASSIC COLLECTION 4 OZ. FROSTED WHITE GLASS ROOM SPRAY WITH BRUSHED GOLD SPRAYER + CAP - WILD IRIS,647658028286,B50-A-071,5,5,MC-PW,FIREFLY SPRING 2020,5.593,27.965,PW
34821,WPCCR0803,FIREFLY CLASSIC COLLECTION 7 OZ. FROSTED WHITE DIFFUSER GRAPEFRUIT MANGOSTEEN,647658028316,B60-A-047,3,3,MC-PW,FIREFLY FALL 2020,6.85164238,20.555,PW
32257,WPDS04003,FIREFLY DESTINATION 4 OZ. ROOM SPRAY GEORGIA PEACH,700755545596,B60-A-039,67,67,MC-PW,DISCONTINUED 6.15.20,1.55104478,103.92,PW
32264,WPDS04004,FIREFLY DESTINATION 4 OZ. ROOM SPRAY KENTUCKY VANILLA BOURBON,614253979930,B60-A-027,75,75,MC-PW,DISCONTINUED 6.15.20,2.10621951,157.966,PW
32372,WPDS04005,FIREFLY DESTINATION 4 OZ. ROOM SPRAY TENNESSEE WHISKEY,614253979947,B60-A-039,90,90,MC-PW,DISCONTINUED 6.15.20,2.71880435,244.692,PW
32279,WPDS04006,FIREFLY DESTINATION 4 OZ. ROOM SPRAY NASHVILLE LEATHER AND WHISKEY,700755545602,B50-A-054,150,150,MC-PW,DISCONTINUED 6.15.20,2.02896175,304.344,PW
32370,WPDS04008,FIREFLY DESTINATION 4 OZ. ROOM SPRAY SOUTH CAROLINA SWEET PIPE TOBACCO,614253979961,B60-A-039,20,20,MC-PW,DISCONTINUED 6.15.20,2.755,55.10,PW
32293,WPDS04014,FIREFLY DESTINATION 4 OZ. ROOM SPRAY NORTH CAROLINA SEA SALT AND OAK,700755545633,B60-A-033,197,197,MC-PW,DISCONTINUED 6.15.20,2.68357143,528.664,PW
32494,WPDS08004,FIREFLY DESTINATION 6 OZ. TIN KENTUCKY VANILLA BOURBON,700755545282,B60-A-023,84,84,MC-PW,CURRENT,3.01680851,253.412,PW
32525,WPDS08005,FIREFLY DESTINATION 6 OZ. TIN TENNESSEE WHISKEY,700755545299,B70-A-043,-4,0,MC-PW,CURRENT,,,PW
32506,WPDS08006,FIREFLY DESTINATION 6 OZ. TIN NASHVILLE LEATHER AND WHISKEY,700755545305,B60-A-022,-4,0,MC-PW,CURRENT,2.98363636,.00,PW
32506,WPDS08006,FIREFLY DESTINATION 6 OZ. TIN NASHVILLE LEATHER AND WHISKEY,700755545305,B60-A-044,15,15,MC-PW,CURRENT,2.98363636,44.755,PW
34008,WPDS08007,FIREFLY CUSTOM 6 OZ. TIN SAVANNAH PECAN PRALINES,700755545312,B70-A-037,220,220,MC-PW,CURRENT,2.90992032,640.182,PW
32523,WPDS08008,FIREFLY DESTINATION 6 OZ. TIN SOUTH CAROLINA SWEET PIPE TOBACCO,700755545329,B60-A-040,4,4,MC-PW,CURRENT,2.77741935,11.11,PW
32477,WPDS08009,FIREFLY DESTINATION 6 OZ. TIN ALABAMA RED VELVET CAKE,700755545336,B70-A-025,104,104,MC-PW,CURRENT,3.05018293,317.219,PW
32526,WPDS08010,FIREFLY DESTINATION 6 OZ. TIN TEXAS CEDAR AND LEATHER,700755545343,B70-A-028,86,86,MC-PW,CURRENT,3.00672566,258.578,PW
32513,WPDS08014,FIREFLY DESTINATION 6 OZ. TIN NORTH CAROLINA SEA SALT AND OAK,700755545381,B50-A-023,3,3,MC-PW,CURRENT,3.05714286,9.171,PW
32480,WPDS08017,FIREFLY DESTINATION 6 OZ. TIN ARKANSAS APPLE BLOSSOM,700755545404,B60-A-004,84,84,MC-PW,CURRENT,3.08547619,259.18,PW
32529,WPDS08018,FIREFLY DESTINATION 6 OZ. TIN VIRGINIA CHARDONNAY,700755545411,B70-A-051,91,91,MC-PW,CURRENT,3.2022,291.40,PW
32495,WPDS08019,FIREFLY DESTINATION 6 OZ. TIN LOUISIANA BEIGNET,700755545428,B50-A-008,4,4,MC-PW,CURRENT,3.152,12.608,PW
32500,WPDS08022,FIREFLY DESTINATION 6 OZ. TIN MICHIGAN LAKE AIR,614253979053,B60-A-009,4,4,MC-PW,CURRENT,3.02548387,12.102,PW
32478,WPDS08023,FIREFLY DESTINATION 6 OZ. TIN ALASKA SPRUCE AND FIRE WEED,614253979060,B70-A-032,42,42,MC-PW,CURRENT,2.82380952,118.60,PW
32482,WPDS08024,FIREFLY DESTINATION 6 OZ. TIN COLORADO ASPEN SANDALWOOD,614253979077,B70-A-030,108,108,MC-PW,CURRENT,3.03745763,328.045,PW
32496,WPDS08026,FIREFLY DESTINATION 6 OZ. TIN MAIN STREET OAKMOSS SANDALWOOD,614253979091,B60-A-013,140,140,MC-PW,CURRENT,3.01784884,422.499,PW
32492,WPDS08027,FIREFLY DESTINATION 6 OZ. TIN IOWA HOLLYHOCK,614253979619,B60-A-007,92,92,MC-PW,CURRENT,2.92206522,268.83,PW
32507,WPDS08029,FIREFLY DESTINATION 6 OZ. TIN NEBRASKA COTTONWOOD TREE,614253979633,B60-A-014,122,122,MC-PW,CURRENT,2.94614907,359.43,PW
32490,WPDS08033,FIREFLY DESTINATION 6 OZ. TIN ILLINOIS VETIVER AND VIOLET,614253979671,B70-A-033,27,27,MC-PW,CURRENT,2.99740741,80.93,PW
32479,WPDS08035,FIREFLY DESTINATION 6 OZ. TIN ARIZONA CACTUS BLOSSOM,614253979695,B60-A-043,23,23,MC-PW,CURRENT,3.02391304,69.55,PW
32489,WPDS08039,FIREFLY DESTINATION 6 OZ. TIN IDAHO PEONY AND PINE,614253980592,B60-A-003,95,95,MC-PW,CURRENT,2.93773196,279.085,PW
32498,WPDS08041,FIREFLY DESTINATION 6 OZ. TIN MARYLAND BLACK EYED SUSAN,614253980615,B60-A-048,32,32,MC-PW,CURRENT,3.10302326,99.297,PW
32509,WPDS08046,FIREFLY DESTINATION 6 OZ. TIN NEW HAMPSHIRE APPLE CIDER,614253980660,B60-A-019,88,88,MC-PW,CURRENT,2.96738636,261.13,PW
32514,WPDS08048,FIREFLY DESTINATION 6 OZ. TIN NORTH DAKOTA CHOKECHERRY JAM,614253980684,B70-A-051,32,32,MC-PW,CURRENT,3.16206897,101.186,PW
32517,WPDS08049,FIREFLY DESTINATION 6 OZ. TIN OREGON BRANDY PEAR,614253980691,B60-A-021,15,15,MC-PW,CURRENT,2.96555556,44.483,PW
32533,WPDS08056,FIREFLY DESTINATION 6 OZ. TIN WISCONSIN WOOD VIOLET,792834802768,B60-A-001,92,92,MC-PW,CURRENT,2.92793478,269.37,PW
34004,WPDS08060,FIREFLY CUSTOM 6 OZ. TIN CHICAGO SANTO NOIR,,B60-A-020,41,41,MC-PW,CURRENT,1.90,77.90,PW
34006,WPDS08061,FIREFLY CUSTOM 6 OZ. TIN AUBURN CORNER LEMONADE,,B60-A-020,56,56,MC-PW,CURRENT,1.90,106.40,PW
34007,WPDS08062,FIREFLY CUSTOM 6 OZ. TIN ATLANTA SANTAL,,B70-A-041,113,113,MC-PW,CURRENT,3.14743363,355.66,PW
34268,WPDS08063,FIREFLY CUSTOM 6 OZ. TIN MURFREESBORO CYPRESS SEA AIR,614253979053,B50-A-039,55,55,MC-PW,CURRENT,2.59238806,142.581,PW
34241,WPDS08065,FIREFLY DESTINATION 6 OZ. TIN KNOXVILLE OAK AND VANILLA,,B60-A-021,8,8,MC-PW,CURRENT,3.374,26.992,PW
34495,WPDS08066,FIREFLY CUSTOM 6 OZ. TIN WILSON TOBACCO WOOD,,B70-A-052,64,64,MC-PW,CURRENT,3.76375,240.88,PW
34496,WPDS08067,FIREFLY CUSTOM 6 OZ. TIN MINOCQUA UP NORTH,,B60-A-055,15,15,MC-PW,CURRENT,3.42,51.30,PW
34498,WPDS08068,FIREFLY CUSTOM 6 OZ. TIN MINOCQUA CITY OF LAKES,,B60-A-008,80,80,MC-PW,CURRENT,2.447625,195.81,PW
34500,WPDS08070,FIREFLY CUSTOM 6 OZ. TIN HUNTSVILLE SWEET TEA,,B70-A-048,6,6,MC-PW,CURRENT,3.55,21.30,PW
34503,WPDS08072,FIREFLY CUSTOM 6 OZ. TIN PINEHURST SUNSHINE AND PINE,,B70-A-034,67,67,MC-PW,CURRENT,2.61253731,175.04,PW
34504,WPDS08073,FIREFLY CUSTOM 6 OZ. TIN UNION COUNTY CORN AND COAL,,B70-A-046,7,7,MC-PW,CURRENT,2.01857143,14.13,PW
34505,WPDS08074,FIREFLY CUSTOM 6 OZ. TIN AUGUSTA MAGNOLIA,,B70-A-050,104,104,MC-PW,CURRENT,2.07153846,215.44,PW
34680,WPDS08076,FIREFLY CUSTOM 6 OZ. TIN LAKE MURRAY LAKE AIR,,B60-A-001,6,6,MC-PW,CURRENT,2.59,15.54,PW
34681,WPDS08077,FIREFLY CUSTOM 6 OZ. TIN MANCHESTER ON THE SQUARE,,B70-A-046,76,76,MC-PW,CURRENT,2.94789474,224.04,PW
35070,WPDS08080,FIREFLY CUSTOM 6 OZ. TIN COLUMBIA SMOKEY AMBERWOOD,,B70-A-047,100,100,MC-PW,CURRENT,3.302,330.20,PW
35073,WPDS08081,FIREFLY CUSTOM 6 OZ. TIN CLARKSVILLE TOBACCO BARN,,B70-A-026,71,71,MC-PW,CURRENT,2.82859155,200.83,PW
32652,WPDS14006T,FIREFLY DESTINATION 10 OZ. GLASS CANDLE NASHVILLE LEATHER AND WHISKEY TESTER,614253978810,B70-A-017,73,73,MC-PW,CURRENT,5.5039726,401.79,PW
34001,WPDS14007,FIREFLY CUSTOM 10 OZ. GLASS SAVANNAH PECAN PRALINES,700755545473,B70-A-041,32,32,MC-PW,CURRENT,5.36694444,171.742,PW
32405,WPDS14008,FIREFLY DESTINATION 10 OZ. GLASS CANDLE SOUTH CAROLINA SWEET PIPE TOBACCO GLASS,700755545480,B70-A-033,3,3,MC-PW,CURRENT,4.6688,14.006,PW
32653,WPDS14008T,FIREFLY DESTINATION 10 OZ. GLASS CANDLE SOUTH CAROLINA SWEET PIPE TOBACCO TESTER,614253978834,B70-A-031,52,52,MC-PW,CURRENT,5.1562069,268.123,PW
32654,WPDS14009T,FIREFLY DESTINATION 10 OZ. GLASS CANDLE ALABAMA RED VELVET CAKE TESTER,614253978841,B60-A-025,24,24,MC-PW,CURRENT,5.19529412,124.687,PW
32410,WPDS14013,FIREFLY DESTINATION 10 OZ. GLASS CANDLE OKLAHOMA SWEETGRASS AND CEDAR GLASS,700755545534,B60-A-012,64,64,MC-PW,CURRENT,5.27875,337.84,PW
32660,WPDS14016T,FIREFLY DESTINATION 10 OZ. GLASS CANDLE CALIFORNIA LEMON POPPY GLASS TESTER,614253978902,B70-A-007,20,20,MC-PW,CURRENT,5.34954545,106.991,PW
32661,WPDS14017T,FIREFLY DESTINATION 10 OZ. GLASS CANDLE ARKANSAS APPLE BLOSSOM GLASS TESTER,614253978919,B60-A-010,51,51,MC-PW,CURRENT,5.13538462,261.905,PW
32414,WPDS14018,FIREFLY DESTINATION 10 OZ. GLASS CANDLE VIRGINIA CHARDONNAY GLASS,700755545572,B50-A-045,54,54,MC-PW,CURRENT,5.12690909,276.853,PW
32726,WPDS14018T,FIREFLY DESTINATION 10 OZ. GLASS CANDLE VIRGINIA CHARDONNAY GLASS TESTER,614253978926,B60-A-016,41,41,MC-PW,CURRENT,5.47658537,224.54,PW
32415,WPDS14019,FIREFLY DESTINATION 10 OZ. GLASS CANDLE LOUISIANA BEIGNET GLASS,700755545589,B70-A-045,174,174,MC-PW,CURRENT,4.9865641,867.662,PW
32662,WPDS14019T,FIREFLY DESTINATION 10 OZ. GLASS CANDLE LOUISIANA BEIGNET GLASS TESTER,614253978933,B50-A-042,22,22,MC-PW,CURRENT,4.94615385,108.815,PW
32663,WPDS14020T,FIREFLY DESTINATION 10 OZ. GLASS CANDLE INDIANA HONEYSUCKLE GLASS TESTER,614253978940,B70-A-035,22,22,MC-PW,CURRENT,5.2128,114.682,PW
32399,WPDS14021,FIREFLY DESTINATION 10 OZ. GLASS CANDLE MISSOURI OSAGE CYPRESS,614253979107,B60-A-049,11,11,MC-PW,CURRENT,4.64157895,51.057,PW
32417,WPDS14022,FIREFLY DESTINATION 10 OZ. GLASS CANDLE MICHIGAN LAKE AIR GLASS,614253979114,B60-A-031,26,26,MC-PW,CURRENT,4.89730769,127.33,PW
32667,WPDS14025T,FIREFLY DESTINATION 10 OZ. GLASS CANDLE FRANKLIN MAGNOLIA GLASS TESTER,614253979206,B50-A-038,22,22,MC-PW,CURRENT,4.73692308,104.212,PW
32421,WPDS14026,FIREFLY DESTINATION 10 OZ. GLASS CANDLE MAIN STREET OAKMOSS SANDALWOOD GLASS,614253979152,B60-A-045,36,36,MC-PW,CURRENT,4.58527778,165.07,PW
32423,WPDS14028,FIREFLY DESTINATION 10 OZ. GLASS CANDLE KANSAS WILD SUNFLOWER GLASS,614253979718,B60-A-049,12,12,MC-PW,CURRENT,4.77783333,57.334,PW
32424,WPDS14029,FIREFLY DESTINATION 10 OZ. GLASS CANDLE NEBRASKA COTTONWOOD TREE GLASS,614253979725,B50-A-053,12,12,MC-PW,CURRENT,4.42121951,53.055,PW
32427,WPDS14032,FIREFLY DESTINATION 10 OZ. GLASS CANDLE NEW YORK AMERICAN ELM GLASS,614253979756,B50-A-055,12,12,MC-PW,CURRENT,4.5211828,54.254,PW
32677,WPDS14035T,FIREFLY DESTINATION 10 OZ. GLASS CANDLE ARIZONA CACTUS BLOSSOM GLASS TESTER,614253979879,B60-A-031,20,20,MC-PW,CURRENT,4.99333333,99.867,PW
32679,WPDS14037T,FIREFLY DESTINATION 10 OZ. GLASS CANDLE DELAWARE AMERICAN HOLLY GLASS TESTER,792834803260,B80-A-027,72,72,MC-PW,CURRENT,5.26847222,379.33,PW
32436,WPDS14041,FIREFLY DESTINATION 10 OZ. GLASS CANDLE MARYLAND BLACK EYED SUSAN GLASS,792834802843,B70-A-049,80,80,MC-PW,CURRENT,5.09284404,407.428,PW
32441,WPDS14046,FIREFLY DESTINATION 10 OZ. GLASS CANDLE NEW HAMPSHIRE APPLE CIDER GLASS,792834802898,B50-A-053,12,12,MC-PW,CURRENT,4.87102564,58.452,PW
32442,WPDS14047,FIREFLY DESTINATION 10 OZ. GLASS CANDLE NEW MEXICO TURQUOISE SKY GLASS,792834802904,B60-A-041,43,43,MC-PW,CURRENT,5.03883721,216.67,PW
32689,WPDS14047T,FIREFLY DESTINATION 10 OZ. GLASS CANDLE NEW MEXICO TURQUOISE SKY GLASS TESTER,792834803369,B60-A-037,18,18,MC-PW,CURRENT,5.14833333,92.67,PW
32443,WPDS14048,FIREFLY DESTINATION 10 OZ. GLASS CANDLE NORTH DAKOTA CHOKECHERRY JAM GLASS,792834802911,B50-A-053,60,60,MC-PW,CURRENT,4.96906977,298.144,PW
32690,WPDS14048T,FIREFLY DESTINATION 10 OZ. GLASS CANDLE NORTH DAKOTA CHOKECHERRY JAM GLASS TESTER,792834803376,B70-A-029,25,25,MC-PW,CURRENT,5.56481481,139.12,PW
32444,WPDS14050,FIREFLY DESTINATION 10 OZ. GLASS CANDLE RHODE ISLAND RED MAPLE GLASS,792834802935,B50-A-055,12,12,MC-PW,CURRENT,4.70809524,56.497,PW
32445,WPDS14051,FIREFLY DESTINATION 10 OZ. GLASS CANDLE SOUTH DAKOTA HONEY WHEATGRASS GLASS,792834802942,B50-A-055,3,3,MC-PW,CURRENT,4.60206897,13.806,PW
32449,WPDS14054,FIREFLY DESTINATION 10 OZ. GLASS CANDLE WASHINGTON APPLEWOOD GLASS,792834802973,B60-A-049,3,3,MC-PW,CURRENT,4.60954545,13.829,PW
32451,WPDS14056,FIREFLY DESTINATION 10 OZ. GLASS CANDLE WISCONSIN WOOD VIOLET GLASS,792834802997,B60-A-049,12,12,MC-PW,CURRENT,4.47492308,53.699,PW
32452,WPDS14057,FIREFLY DESTINATION 10 OZ. GLASS CANDLE WYOMING INDIAN PAINTBRUSH GLASS,792834803000,B60-A-049,4,4,MC-PW,CURRENT,4.655,18.62,PW
32697,WPDS14058T,FIREFLY DESTINATION 10 OZ. GLASS CANDLE WASHINGTON D.C. CHERRY BLOSSOM GLASS TESTER,792834803475,B60-A-012,16,16,MC-PW,CURRENT,5.22909091,83.665,PW
32697,WPDS14058T,FIREFLY DESTINATION 10 OZ. GLASS CANDLE WASHINGTON D.C. CHERRY BLOSSOM GLASS TESTER,792834803475,B70-A-043,28,28,MC-PW,CURRENT,5.22909091,146.415,PW
34000,WPDS14061,FIREFLY CUSTOM 10 OZ. GLASS ATLANTA SANTAL,,B50-A-038,35,35,MC-PW,CURRENT,5.62846154,196.996,PW
34002,WPDS14063,FIREFLY CUSTOM 10 OZ. GLASS NOLENSVILLE AMBER VANILLA,,B50-A-083,174,174,MC-PW,CURRENT,4.79903409,835.032,PW
34259,WPDS14063T,FIREFLY CUSTOM 10 OZ. GLASS NOLENSVILLE AMBER VANILLA TESTER,,B60-A-034,21,21,MC-PW,CURRENT,5.86333333,123.13,PW
34260,WPDS14064,FIREFLY CUSTOM 10 OZ. GLASS CHICAGO SANTO NOIR,,B60-A-048,32,32,MC-PW,CURRENT,5.19066667,166.101,PW
34265,WPDS14065,FIREFLY CUSTOM 10 OZ. GLASS MURFREESBORO CYPRESS SEA AIR,,B60-A-021,68,68,MC-PW,CURRENT,5.203625,353.847,PW
34275,WPDS14066,FIREFLY CUSTOM 10 OZ. GLASS KNOXVILLE OAK AND VANILLA,,B50-A-005,8,8,MC-PW,CURRENT,5.5025,44.02,PW
34464,WPDS14067,FIREFLY CUSTOM 10 OZ. GLASS PENSACOLA SEA SALT AND OAK,,B60-A-042,12,12,MC-PW,CURRENT,4.66851852,56.022,PW
34464,WPDS14067,FIREFLY CUSTOM 10 OZ. GLASS PENSACOLA SEA SALT AND OAK,,B70-A-034,42,42,MC-PW,CURRENT,4.66851852,196.078,PW
34486,WPDS14070,FIREFLY CUSTOM 10 OZ. GLASS THE WREATH STAND,,B70-A-039,20,20,MC-PW,CURRENT,4.750625,95.013,PW
34489,WPDS14071,FIREFLY CUSTOM 10 OZ. GLASS SANCTUARY SOUTH,,B70-A-039,2,2,MC-PW,CURRENT,5.805,11.61,PW
35023,WPDS14074T,FIREFLY CUSTOM 12 OZ. GLASS MEMPHIS SWEET TEA TESTER,,B70-A-013,23,23,MC-PW,CURRENT,5.24478261,120.63,PW
36232,WPDS14077,FIREFLY CUSTOM 12 OZ. GLASS ARLINGTON HARDWARE LOCAL GIRL,,B60-A-018,142,142,MC-PW,CUSTOM FIREFLY,5.20169014,738.64,PW
36534,WPDS14078,FIREFLY CUSTOM 12 OZ. GLASS CAPE CHARLES SEA SALT,,B60-A-036,58,58,MC-PW,CUSTOM FIREFLY,4.99810345,289.89,PW
32584,WPDSD0806,FIREFLY DESTINATION 7 OZ. REED DIFFUSER NASHVILLE LEATHER AND WHISKEY,614253979312,B50-A-052,20,20,MC-PW,DISCONTINUED 6.15.20,8.22125,164.425,PW
32601,WPDSD0810,FIREFLY DESTINATION 7 OZ. REED DIFFUSER TEXAS CEDAR AND LEATHER,614253979350,B50-A-042,38,38,MC-PW,DISCONTINUED 6.15.20,8.48315789,322.36,PW
32591,WPDSD0814,FIREFLY DESTINATION 7 OZ. REED DIFFUSER NORTH CAROLINA SEA SALT AND OAK,614253979398,B60-A-027,20,20,MC-PW,DISCONTINUED 6.15.20,8.4145,168.29,PW
32559,WPDSD0817,FIREFLY DESTINATION 7 OZ. REED DIFFUSER ARKANSAS APPLE BLOSSOM,614253979411,B50-A-054,48,48,MC-PW,DISCONTINUED 6.15.20,8.54875,410.34,PW
32607,WPDSD0855,FIREFLY DESTINATION 7 OZ. REED DIFFUSER WEST VIRGINIA MOUNTAIN MAPLE,792834803215,B70-A-023,28,28,MC-PW,DISCONTINUED 6.15.20,10.314,288.792,PW
32630,WPHC03005,FIREFLY HOLIDAY 3 OZ. WAX MELTS TREE FARM,792834803703,B60-A-027,44,44,MC-PW,DISCONTINUED 6.15.20,1.95717391,86.116,PW
32536,WPHC08007,FIREFLY HOLIDAY 6 OZ. TIN GILDED FIG,700755545756,B60-A-017,64,64,MC-PW,CURRENT,2.93966667,188.139,PW
32535,WPHC08008,FIREFLY HOLIDAY 6 OZ. TIN COZY CHRISTMAS,700755545749,B60-A-031,70,70,MC-PW,CURRENT,2.94780488,206.346,PW
32454,WPHC14004,FIREFLY HOLIDAY 10 OZ. GLASS CANDLE SUGAR CANE COOKIE,614253979015,B50-A-001,1,1,MC-PW,CURRENT,4.735,4.735,PW
32457,WPHC14007,FIREFLY HOLIDAY 10 OZ. GLASS CANDLE GILDED FIG,614253979008,B60-A-006,160,160,MC-PW,CURRENT,5.31105882,849.769,PW
32384,WPSD04001,FIREFLY SOUTHERN DIRECTION 4 OZ. ROOM SPRAY MAHOGANY TEAKWOOD,700755545695,B70-A-033,22,22,MC-PW,DISCONTINUED 6.15.20,2.43636364,53.60,PW
32383,WPSD04002,FIREFLY SOUTHERN DIRECTION 4 OZ. ROOM SPRAY CARIBBEAN DRIFTWOOD,700755545701,B60-A-046,73,73,MC-PW,DISCONTINUED 6.15.20,4.01901099,293.388,PW
32385,WPSD04003,FIREFLY SOUTHERN DIRECTION 4 OZ. ROOM SPRAY TOBACCO BARN,700755545718,B60-A-041,38,38,MC-PW,DISCONTINUED 6.15.20,2.71526316,103.18,PW
32382,WPSD04004,FIREFLY SOUTHERN DIRECTION 4 OZ. ROOM SPRAY CAMPFIRE,614253980196,B70-A-039,106,106,MC-PW,DISCONTINUED 6.15.20,3.22336207,341.676,PW
32544,WPSD08003,FIREFLY SOUTHERN DIRECTION 6 OZ. TIN TOBACCO BARN,614253980318,B60-A-017,75,75,MC-PW,CURRENT,2.94,220.50,PW
32541,WPSD08004,FIREFLY SOUTHERN DIRECTION 6 OZ. TIN CAMPFIRE,614253980325,B70-A-019,55,55,MC-PW,CURRENT,2.92616667,160.939,PW
32702,WPSD14001T,FIREFLY SOUTHERN DIRECTION 10 OZ. GLASS CANDLE MAHOGANY TEAKWOOD TESTER,614253978957,B60-A-026,14,14,MC-PW,CURRENT,4.60428571,64.46,PW
32460,WPSD14002,FIREFLY SOUTHERN DIRECTION 10 OZ. GLASS CANDLE CARIBBEAN DRIFTWOOD,700755545664,B60-A-035,195,195,MC-PW,CURRENT,4.36859296,851.876,PW
32703,WPSD14002T,FIREFLY SOUTHERN DIRECTION 10 OZ. GLASS CANDLE CARIBBEAN DRIFTWOOD TESTER,614253978964,B60-A-038,50,50,MC-PW,CURRENT,4.179,208.95,PW
32704,WPSD14003T,FIREFLY SOUTHERN DIRECTION 10 OZ. GLASS CANDLE TOBACCO BARN TESTER,614253978971,B70-A-027,12,12,MC-PW,CURRENT,3.96230769,47.548,PW
32705,WPSD14004T,FIREFLY SOUTHERN DIRECTION 10 OZ. GLASS CANDLE CAMPFIRE TESTER,614253978988,B60-A-043,26,26,MC-PW,CURRENT,4.38888889,114.111,PW
32612,WPSDD0801,FIREFLY SOUTHERN DIRECTION 7 OZ. REED DIFFUSER MOHOGANY TEAKWOOD,614253979510,B70-A-042,266,266,MC-PW,CURRENT,7.96007519,2117.38,PW
32611,WPSDD0802,FIREFLY SOUTHERN DIRECTION 7 OZ. REED DIFFUSER CARIBBEAN DRIFTWOOD,614253979527,B70-A-054,147,147,MC-PW,CURRENT,7.81136054,1148.27,PW
32613,WPSDD0803,FIREFLY SOUTHERN DIRECTION 7 OZ. REED DIFFUSER TOBACCO BARN,614253979534,B70-A-044,89,89,MC-PW,CURRENT,7.72191011,687.25,PW
32610,WPSDD0804,FIREFLY SOUTHERN DIRECTION 7 OZ. REED DIFFUSER CAMPFIRE,614253979541,B70-A-048,40,40,MC-PW,CURRENT,7.57925,303.17,PW
